name,price
CryptoDino #02307,not listed
CryptoDino #08199,not listed
CryptoDino #02855,not listed
CryptoDino #05530,not listed
CryptoDino #05199,not listed
CryptoDino #06331,not listed
CryptoDino #04786,not listed
CryptoDino #07564,not listed
CryptoDino #09928,not listed
CryptoDino #00651,not listed
CryptoDino #07868,not listed
CryptoDino #06783,not listed
CryptoDino #05539,not listed
CryptoDino #08589,not listed
CryptoDino #05162,not listed
CryptoDino #02730,not listed
CryptoDino #07367,not listed
CryptoDino #00480,not listed
CryptoDino #04444,not listed
CryptoDino #01301,not listed
CryptoDino #09725,not listed
CryptoDino #08453,not listed
CryptoDino #00138,not listed
CryptoDino #01543,not listed
CryptoDino #09913,not listed
CryptoDino #03651,not listed
CryptoDino #04600,not listed
CryptoDino #04748,not listed
CryptoDino #07927,not listed
CryptoDino #00708,not listed
CryptoDino #03513,not listed
CryptoDino #06076,not listed
CryptoDino #01192,not listed
CryptoDino #00742,not listed
CryptoDino #06195,not listed
CryptoDino #09330,not listed
CryptoDino #04326,not listed
CryptoDino #09053,not listed
CryptoDino #04734,not listed
CryptoDino #00567,not listed
CryptoDino #04827,not listed
CryptoDino #08267,not listed
CryptoDino #05745,not listed
CryptoDino #00245,not listed
CryptoDino #08380,not listed
CryptoDino #04825,not listed
CryptoDino #08662,not listed
CryptoDino #05752,not listed
CryptoDino #07177,not listed
CryptoDino #06509,not listed